ticker,_event_ticker,_series_ticker,title,yes_sub_title,subtitle,status,open_time,close_time,expiration_time,expected_expiration_time,result,settlement_value,last_price,previous_price,volume,open_interest,yes_bid,yes_ask,liquidity,strike_type,floor_strike,cap_strike
KXFED-27APR-T0.00,KXFED-27APR,KXFED,"Will the upper bound of the federal funds rate be above 0.00% following the Fed's Apr 28, 2027 meeting?",Above 0.00%,0.00%,active,2025-10-13T14:00:00Z,2027-04-28T17:55:00Z,2027-05-05T18:05:00Z,2027-04-28T18:05:00Z,,,,,,,,,,greater,0,
KXFED-27APR-T0.25,KXFED-27APR,KXFED,"Will the upper bound of the federal funds rate be above 0.25% following the Fed's Apr 28, 2027 meeting?",Above 0.25%,0.25%,active,2025-10-13T14:00:00Z,2027-04-28T17:55:00Z,2027-05-05T18:05:00Z,2027-04-28T18:05:00Z,,,,,,,,,,greater,0.25,
KXFED-27APR-T0.50,KXFED-27APR,KXFED,"Will the upper bound of the federal funds rate be above 0.50% following the Fed's Apr 28, 2027 meeting?",Above 0.50%,0.50%,active,2025-10-13T14:00:00Z,2027-04-28T17:55:00Z,2027-05-05T18:05:00Z,2027-04-28T18:05:00Z,,,,,,,,,,greater,0.5,
KXFED-27APR-T0.75,KXFED-27APR,KXFED,"Will the upper bound of the federal funds rate be above 0.75% following the Fed's Apr 28, 2027 meeting?",Above 0.75%,0.75%,active,2025-10-13T14:00:00Z,2027-04-28T17:55:00Z,2027-05-05T18:05:00Z,2027-04-28T18:05:00Z,,,,,,,,,,greater,0.75,
KXFED-27APR-T1.00,KXFED-27APR,KXFED,"Will the upper bound of the federal funds rate be above 1.00% following the Fed's Apr 28, 2027 meeting?",Above 1.00%,1.00%,active,2025-10-13T14:00:00Z,2027-04-28T17:55:00Z,2027-05-05T18:05:00Z,2027-04-28T18:05:00Z,,,,,,,,,,greater,1,
KXFED-27APR-T1.25,KXFED-27APR,KXFED,"Will the upper bound of the federal funds rate be above 1.25% following the Fed's Apr 28, 2027 meeting?",Above 1.25%,1.25%,active,2025-10-13T14:00:00Z,2027-04-28T17:55:00Z,2027-05-05T18:05:00Z,2027-04-28T18:05:00Z,,,,,,,,,,greater,1.25,
KXFED-27APR-T1.50,KXFED-27APR,KXFED,"Will the upper bound of the federal funds rate be above 1.50% following the Fed's Apr 28, 2027 meeting?",Above 1.50%,1.50%,active,2025-10-13T14:00:00Z,2027-04-28T17:55:00Z,2027-05-05T18:05:00Z,2027-04-28T18:05:00Z,,,,,,,,,,greater,1.5,
KXFED-27APR-T1.75,KXFED-27APR,KXFED,"Will the upper bound of the federal funds rate be above 1.75% following the Fed's Apr 28, 2027 meeting?",Above 1.75%,1.75%,active,2025-10-13T14:00:00Z,2027-04-28T17:55:00Z,2027-05-05T18:05:00Z,2027-04-28T18:05:00Z,,,,,,,,,,greater,1.75,
KXFED-27APR-T2.00,KXFED-27APR,KXFED,"Will the upper bound of the federal funds rate be above 2.00% following the Fed's Apr 28, 2027 meeting?",Above 2.00%,2.00%,active,2025-10-13T14:00:00Z,2027-04-28T17:55:00Z,2027-05-05T18:05:00Z,2027-04-28T18:05:00Z,,,,,,,,,,greater,2,
KXFED-27APR-T2.25,KXFED-27APR,KXFED,"Will the upper bound of the federal funds rate be above 2.25% following the Fed's Apr 28, 2027 meeting?",Above 2.25%,2.25%,active,2025-10-13T14:00:00Z,2027-04-28T17:55:00Z,2027-05-05T18:05:00Z,2027-04-28T18:05:00Z,,,,,,,,,,greater,2.25,
KXFED-27APR-T2.50,KXFED-27APR,KXFED,"Will the upper bound of the federal funds rate be above 2.50% following the Fed's Apr 28, 2027 meeting?",Above 2.50%,2.50%,active,2025-10-13T14:00:00Z,2027-04-28T17:55:00Z,2027-05-05T18:05:00Z,2027-04-28T18:05:00Z,,,,,,,,,,greater,2.5,
KXFED-27APR-T2.75,KXFED-27APR,KXFED,"Will the upper bound of the federal funds rate be above 2.75% following the Fed's Apr 28, 2027 meeting?",Above 2.75%,2.75%,active,2025-10-13T14:00:00Z,2027-04-28T17:55:00Z,2027-05-05T18:05:00Z,2027-04-28T18:05:00Z,,,,,,,,,,greater,2.75,
KXFED-27APR-T3.00,KXFED-27APR,KXFED,"Will the upper bound of the federal funds rate be above 3.00% following the Fed's Apr 28, 2027 meeting?",Above 3.00%,3.00%,active,2025-10-13T14:00:00Z,2027-04-28T17:55:00Z,2027-05-05T18:05:00Z,2027-04-28T18:05:00Z,,,,,,,,,,greater,3,
KXFED-27APR-T3.25,KXFED-27APR,KXFED,"Will the upper bound of the federal funds rate be above 3.25% following the Fed's Apr 28, 2027 meeting?",Above 3.25%,3.25%,active,2025-10-13T14:00:00Z,2027-04-28T17:55:00Z,2027-05-05T18:05:00Z,2027-04-28T18:05:00Z,,,,,,,,,,greater,3.25,
KXFED-27APR-T3.50,KXFED-27APR,KXFED,"Will the upper bound of the federal funds rate be above 3.50% following the Fed's Apr 28, 2027 meeting?",Above 3.50%,3.50%,active,2025-10-13T14:00:00Z,2027-04-28T17:55:00Z,2027-05-05T18:05:00Z,2027-04-28T18:05:00Z,,,,,,,,,,greater,3.5,
KXFED-27APR-T3.75,KXFED-27APR,KXFED,"Will the upper bound of the federal funds rate be above 3.75% following the Fed's Apr 28, 2027 meeting?",Above 3.75%,3.75%,active,2025-10-13T14:00:00Z,2027-04-28T17:55:00Z,2027-05-05T18:05:00Z,2027-04-28T18:05:00Z,,,,,,,,,,greater,3.75,
KXFED-27APR-T4.00,KXFED-27APR,KXFED,"Will the upper bound of the federal funds rate be above 4.00% following the Fed's Apr 28, 2027 meeting?",Above 4.00%,4.00%,active,2025-10-13T14:00:00Z,2027-04-28T17:55:00Z,2027-05-05T18:05:00Z,2027-04-28T18:05:00Z,,,,,,,,,,greater,4,
KXFED-27APR-T4.25,KXFED-27APR,KXFED,"Will the upper bound of the federal funds rate be above 4.25% following the Fed's Apr 28, 2027 meeting?",Above 4.25%,4.25%,active,2025-10-13T14:00:00Z,2027-04-28T17:55:00Z,2027-05-05T18:05:00Z,2027-04-28T18:05:00Z,,,,,,,,,,greater,4.25,
KXFED-27MAR-T0.00,KXFED-27MAR,KXFED,"Will the upper bound of the federal funds rate be above 0.00% following the Fed's Mar 17, 2027 meeting?",Above 0.00%,0.00%,active,2025-10-13T14:00:00Z,2027-03-17T17:55:00Z,2027-03-24T18:05:00Z,2027-03-17T18:05:00Z,,,,,,,,,,greater,0,
KXFED-27MAR-T0.25,KXFED-27MAR,KXFED,"Will the upper bound of the federal funds rate be above 0.25% following the Fed's Mar 17, 2027 meeting?",Above 0.25%,0.25%,active,2025-10-13T14:00:00Z,2027-03-17T17:55:00Z,2027-03-24T18:05:00Z,2027-03-17T18:05:00Z,,,,,,,,,,greater,0.25,
KXFED-27MAR-T0.50,KXFED-27MAR,KXFED,"Will the upper bound of the federal funds rate be above 0.50% following the Fed's Mar 17, 2027 meeting?",Above 0.50%,0.50%,active,2025-10-13T14:00:00Z,2027-03-17T17:55:00Z,2027-03-24T18:05:00Z,2027-03-17T18:05:00Z,,,,,,,,,,greater,0.5,
KXFED-27MAR-T0.75,KXFED-27MAR,KXFED,"Will the upper bound of the federal funds rate be above 0.75% following the Fed's Mar 17, 2027 meeting?",Above 0.75%,0.75%,active,2025-10-13T14:00:00Z,2027-03-17T17:55:00Z,2027-03-24T18:05:00Z,2027-03-17T18:05:00Z,,,,,,,,,,greater,0.75,
KXFED-27MAR-T1.00,KXFED-27MAR,KXFED,"Will the upper bound of the federal funds rate be above 1.00% following the Fed's Mar 17, 2027 meeting?",Above 1.00%,1.00%,active,2025-10-13T14:00:00Z,2027-03-17T17:55:00Z,2027-03-24T18:05:00Z,2027-03-17T18:05:00Z,,,,,,,,,,greater,1,
KXFED-27MAR-T1.25,KXFED-27MAR,KXFED,"Will the upper bound of the federal funds rate be above 1.25% following the Fed's Mar 17, 2027 meeting?",Above 1.25%,1.25%,active,2025-10-13T14:00:00Z,2027-03-17T17:55:00Z,2027-03-24T18:05:00Z,2027-03-17T18:05:00Z,,,,,,,,,,greater,1.25,
KXFED-27MAR-T1.50,KXFED-27MAR,KXFED,"Will the upper bound of the federal funds rate be above 1.50% following the Fed's Mar 17, 2027 meeting?",Above 1.50%,1.50%,active,2025-10-13T14:00:00Z,2027-03-17T17:55:00Z,2027-03-24T18:05:00Z,2027-03-17T18:05:00Z,,,,,,,,,,greater,1.5,
KXFED-27MAR-T1.75,KXFED-27MAR,KXFED,"Will the upper bound of the federal funds rate be above 1.75% following the Fed's Mar 17, 2027 meeting?",Above 1.75%,1.75%,active,2025-10-13T14:00:00Z,2027-03-17T17:55:00Z,2027-03-24T18:05:00Z,2027-03-17T18:05:00Z,,,,,,,,,,greater,1.75,
KXFED-27MAR-T2.00,KXFED-27MAR,KXFED,"Will the upper bound of the federal funds rate be above 2.00% following the Fed's Mar 17, 2027 meeting?",Above 2.00%,2.00%,active,2025-10-13T14:00:00Z,2027-03-17T17:55:00Z,2027-03-24T18:05:00Z,2027-03-17T18:05:00Z,,,,,,,,,,greater,2,
KXFED-27MAR-T2.25,KXFED-27MAR,KXFED,"Will the upper bound of the federal funds rate be above 2.25% following the Fed's Mar 17, 2027 meeting?",Above 2.25%,2.25%,active,2025-10-13T14:00:00Z,2027-03-17T17:55:00Z,2027-03-24T18:05:00Z,2027-03-17T18:05:00Z,,,,,,,,,,greater,2.25,
KXFED-27MAR-T2.50,KXFED-27MAR,KXFED,"Will the upper bound of the federal funds rate be above 2.50% following the Fed's Mar 17, 2027 meeting?",Above 2.50%,2.50%,active,2025-10-13T14:00:00Z,2027-03-17T17:55:00Z,2027-03-24T18:05:00Z,2027-03-17T18:05:00Z,,,,,,,,,,greater,2.5,
KXFED-27MAR-T2.75,KXFED-27MAR,KXFED,"Will the upper bound of the federal funds rate be above 2.75% following the Fed's Mar 17, 2027 meeting?",Above 2.75%,2.75%,active,2025-10-13T14:00:00Z,2027-03-17T17:55:00Z,2027-03-24T18:05:00Z,2027-03-17T18:05:00Z,,,,,,,,,,greater,2.75,
KXFED-27MAR-T3.00,KXFED-27MAR,KXFED,"Will the upper bound of the federal funds rate be above 3.00% following the Fed's Mar 17, 2027 meeting?",Above 3.00%,3.00%,active,2025-10-13T14:00:00Z,2027-03-17T17:55:00Z,2027-03-24T18:05:00Z,2027-03-17T18:05:00Z,,,,,,,,,,greater,3,
KXFED-27MAR-T3.25,KXFED-27MAR,KXFED,"Will the upper bound of the federal funds rate be above 3.25% following the Fed's Mar 17, 2027 meeting?",Above 3.25%,3.25%,active,2025-10-13T14:00:00Z,2027-03-17T17:55:00Z,2027-03-24T18:05:00Z,2027-03-17T18:05:00Z,,,,,,,,,,greater,3.25,
KXFED-27MAR-T3.50,KXFED-27MAR,KXFED,"Will the upper bound of the federal funds rate be above 3.50% following the Fed's Mar 17, 2027 meeting?",Above 3.50%,3.50%,active,2025-10-13T14:00:00Z,2027-03-17T17:55:00Z,2027-03-24T18:05:00Z,2027-03-17T18:05:00Z,,,,,,,,,,greater,3.5,
KXFED-27MAR-T3.75,KXFED-27MAR,KXFED,"Will the upper bound of the federal funds rate be above 3.75% following the Fed's Mar 17, 2027 meeting?",Above 3.75%,3.75%,active,2025-10-13T14:00:00Z,2027-03-17T17:55:00Z,2027-03-24T18:05:00Z,2027-03-17T18:05:00Z,,,,,,,,,,greater,3.75,
KXFED-27MAR-T4.00,KXFED-27MAR,KXFED,"Will the upper bound of the federal funds rate be above 4.00% following the Fed's Mar 17, 2027 meeting?",Above 4.00%,4.00%,active,2025-10-13T14:00:00Z,2027-03-17T17:55:00Z,2027-03-24T18:05:00Z,2027-03-17T18:05:00Z,,,,,,,,,,greater,4,
KXFED-27MAR-T4.25,KXFED-27MAR,KXFED,"Will the upper bound of the federal funds rate be above 4.25% following the Fed's Mar 17, 2027 meeting?",Above 4.25%,4.25%,active,2025-10-13T14:00:00Z,2027-03-17T17:55:00Z,2027-03-24T18:05:00Z,2027-03-17T18:05:00Z,,,,,,,,,,greater,4.25,
KXFED-27JAN-T0.00,KXFED-27JAN,KXFED,"Will the upper bound of the federal funds rate be above 0.00% following the Fed's Jan 27, 2027 meeting?",Above 0.00%,0.00%,active,2025-10-06T14:00:00Z,2027-01-27T18:55:00Z,2027-02-03T19:05:00Z,2027-01-27T19:05:00Z,,,,,,,,,,greater,0,
KXFED-27JAN-T0.25,KXFED-27JAN,KXFED,"Will the upper bound of the federal funds rate be above 0.25% following the Fed's Jan 27, 2027 meeting?",Above 0.25%,0.25%,active,2025-10-06T14:00:00Z,2027-01-27T18:55:00Z,2027-02-03T19:05:00Z,2027-01-27T19:05:00Z,,,,,,,,,,greater,0.25,
KXFED-27JAN-T0.50,KXFED-27JAN,KXFED,"Will the upper bound of the federal funds rate be above 0.50% following the Fed's Jan 27, 2027 meeting?",Above 0.50%,0.50%,active,2025-10-06T14:00:00Z,2027-01-27T18:55:00Z,2027-02-03T19:05:00Z,2027-01-27T19:05:00Z,,,,,,,,,,greater,0.5,
KXFED-27JAN-T0.75,KXFED-27JAN,KXFED,"Will the upper bound of the federal funds rate be above 0.75% following the Fed's Jan 27, 2027 meeting?",Above 0.75%,0.75%,active,2025-10-06T14:00:00Z,2027-01-27T18:55:00Z,2027-02-03T19:05:00Z,2027-01-27T19:05:00Z,,,,,,,,,,greater,0.75,
KXFED-27JAN-T1.00,KXFED-27JAN,KXFED,"Will the upper bound of the federal funds rate be above 1.00% following the Fed's Jan 27, 2027 meeting?",Above 1.00%,1.00%,active,2025-10-06T14:00:00Z,2027-01-27T18:55:00Z,2027-02-03T19:05:00Z,2027-01-27T19:05:00Z,,,,,,,,,,greater,1,
KXFED-27JAN-T1.25,KXFED-27JAN,KXFED,"Will the upper bound of the federal funds rate be above 1.25% following the Fed's Jan 27, 2027 meeting?",Above 1.25%,1.25%,active,2025-10-06T14:00:00Z,2027-01-27T18:55:00Z,2027-02-03T19:05:00Z,2027-01-27T19:05:00Z,,,,,,,,,,greater,1.25,
KXFED-27JAN-T1.50,KXFED-27JAN,KXFED,"Will the upper bound of the federal funds rate be above 1.50% following the Fed's Jan 27, 2027 meeting?",Above 1.50%,1.50%,active,2025-10-06T14:00:00Z,2027-01-27T18:55:00Z,2027-02-03T19:05:00Z,2027-01-27T19:05:00Z,,,,,,,,,,greater,1.5,
KXFED-27JAN-T1.75,KXFED-27JAN,KXFED,"Will the upper bound of the federal funds rate be above 1.75% following the Fed's Jan 27, 2027 meeting?",Above 1.75%,1.75%,active,2025-10-06T14:00:00Z,2027-01-27T18:55:00Z,2027-02-03T19:05:00Z,2027-01-27T19:05:00Z,,,,,,,,,,greater,1.75,
KXFED-27JAN-T2.00,KXFED-27JAN,KXFED,"Will the upper bound of the federal funds rate be above 2.00% following the Fed's Jan 27, 2027 meeting?",Above 2.00%,2.00%,active,2025-10-06T14:00:00Z,2027-01-27T18:55:00Z,2027-02-03T19:05:00Z,2027-01-27T19:05:00Z,,,,,,,,,,greater,2,
KXFED-27JAN-T2.25,KXFED-27JAN,KXFED,"Will the upper bound of the federal funds rate be above 2.25% following the Fed's Jan 27, 2027 meeting?",Above 2.25%,2.25%,active,2025-10-06T14:00:00Z,2027-01-27T18:55:00Z,2027-02-03T19:05:00Z,2027-01-27T19:05:00Z,,,,,,,,,,greater,2.25,
KXFED-27JAN-T2.50,KXFED-27JAN,KXFED,"Will the upper bound of the federal funds rate be above 2.50% following the Fed's Jan 27, 2027 meeting?",Above 2.50%,2.50%,active,2025-10-06T14:00:00Z,2027-01-27T18:55:00Z,2027-02-03T19:05:00Z,2027-01-27T19:05:00Z,,,,,,,,,,greater,2.5,
KXFED-27JAN-T2.75,KXFED-27JAN,KXFED,"Will the upper bound of the federal funds rate be above 2.75% following the Fed's Jan 27, 2027 meeting?",Above 2.75%,2.75%,active,2025-10-06T14:00:00Z,2027-01-27T18:55:00Z,2027-02-03T19:05:00Z,2027-01-27T19:05:00Z,,,,,,,,,,greater,2.75,
KXFED-27JAN-T3.00,KXFED-27JAN,KXFED,"Will the upper bound of the federal funds rate be above 3.00% following the Fed's Jan 27, 2027 meeting?",Above 3.00%,3.00%,active,2025-10-06T14:00:00Z,2027-01-27T18:55:00Z,2027-02-03T19:05:00Z,2027-01-27T19:05:00Z,,,,,,,,,,greater,3,
KXFED-27JAN-T3.25,KXFED-27JAN,KXFED,"Will the upper bound of the federal funds rate be above 3.25% following the Fed's Jan 27, 2027 meeting?",Above 3.25%,3.25%,active,2025-10-06T14:00:00Z,2027-01-27T18:55:00Z,2027-02-03T19:05:00Z,2027-01-27T19:05:00Z,,,,,,,,,,greater,3.25,
KXFED-27JAN-T3.50,KXFED-27JAN,KXFED,"Will the upper bound of the federal funds rate be above 3.50% following the Fed's Jan 27, 2027 meeting?",Above 3.50%,3.50%,active,2025-10-06T14:00:00Z,2027-01-27T18:55:00Z,2027-02-03T19:05:00Z,2027-01-27T19:05:00Z,,,,,,,,,,greater,3.5,
KXFED-27JAN-T3.75,KXFED-27JAN,KXFED,"Will the upper bound of the federal funds rate be above 3.75% following the Fed's Jan 27, 2027 meeting?",Above 3.75%,3.75%,active,2025-10-06T14:00:00Z,2027-01-27T18:55:00Z,2027-02-03T19:05:00Z,2027-01-27T19:05:00Z,,,,,,,,,,greater,3.75,
KXFED-27JAN-T4.00,KXFED-27JAN,KXFED,"Will the upper bound of the federal funds rate be above 4.00% following the Fed's Jan 27, 2027 meeting?",Above 4.00%,4.00%,active,2025-10-06T14:00:00Z,2027-01-27T18:55:00Z,2027-02-03T19:05:00Z,2027-01-27T19:05:00Z,,,,,,,,,,greater,4,
KXFED-27JAN-T4.25,KXFED-27JAN,KXFED,"Will the upper bound of the federal funds rate be above 4.25% following the Fed's Jan 27, 2027 meeting?",Above 4.25%,4.25%,active,2025-10-06T14:00:00Z,2027-01-27T18:55:00Z,2027-02-03T19:05:00Z,2027-01-27T19:05:00Z,,,,,,,,,,greater,4.25,
KXFED-26DEC-T2.75,KXFED-26DEC,KXFED,"Will the upper bound of the federal funds rate be above 2.75% following the Fed's Dec 9, 2026 meeting?",Above 2.75%,2.75%,active,2025-08-06T14:30:00Z,2026-12-09T18:55:00Z,2026-12-16T19:05:00Z,2026-12-09T19:05:00Z,,,,,,,,,,greater,2.75,
KXFED-26DEC-T3.00,KXFED-26DEC,KXFED,"Will the upper bound of the federal funds rate be above 3.00% following the Fed's Dec 9, 2026 meeting?",Above 3.00%,3.00%,active,2025-08-06T14:30:00Z,2026-12-09T18:55:00Z,2026-12-16T19:05:00Z,2026-12-09T19:05:00Z,,,,,,,,,,greater,3,
KXFED-26DEC-T3.25,KXFED-26DEC,KXFED,"Will the upper bound of the federal funds rate be above 3.25% following the Fed's Dec 9, 2026 meeting?",Above 3.25%,3.25%,active,2025-08-06T14:30:00Z,2026-12-09T18:55:00Z,2026-12-16T19:05:00Z,2026-12-09T19:05:00Z,,,,,,,,,,greater,3.25,
KXFED-26DEC-T3.50,KXFED-26DEC,KXFED,"Will the upper bound of the federal funds rate be above 3.50% following the Fed's Dec 9, 2026 meeting?",Above 3.50%,3.50%,active,2025-08-06T14:30:00Z,2026-12-09T18:55:00Z,2026-12-16T19:05:00Z,2026-12-09T19:05:00Z,,,,,,,,,,greater,3.5,
KXFED-26DEC-T3.75,KXFED-26DEC,KXFED,"Will the upper bound of the federal funds rate be above 3.75% following the Fed's Dec 9, 2026 meeting?",Above 3.75%,3.75%,active,2025-08-06T14:30:00Z,2026-12-09T18:55:00Z,2026-12-16T19:05:00Z,2026-12-09T19:05:00Z,,,,,,,,,,greater,3.75,
KXFED-26DEC-T4.00,KXFED-26DEC,KXFED,"Will the upper bound of the federal funds rate be above 4.00% following the Fed's Dec 9, 2026 meeting?",Above 4.00%,4.00%,active,2025-08-06T14:30:00Z,2026-12-09T18:55:00Z,2026-12-16T19:05:00Z,2026-12-09T19:05:00Z,,,,,,,,,,greater,4,
KXFED-26DEC-T4.25,KXFED-26DEC,KXFED,"Will the upper bound of the federal funds rate be above 4.25% following the Fed's Dec 9, 2026 meeting?",Above 4.25%,4.25%,active,2025-08-06T14:30:00Z,2026-12-09T18:55:00Z,2026-12-16T19:05:00Z,2026-12-09T19:05:00Z,,,,,,,,,,greater,4.25,
KXFED-26DEC-T4.50,KXFED-26DEC,KXFED,"Will the upper bound of the federal funds rate be above 4.50% following the Fed's Dec 9, 2026 meeting?",Above 4.50%,4.50%,active,2025-08-06T14:30:00Z,2026-12-09T18:55:00Z,2026-12-16T19:05:00Z,2026-12-09T19:05:00Z,,,,,,,,,,greater,4.5,
KXFED-26DEC-T4.75,KXFED-26DEC,KXFED,"Will the upper bound of the federal funds rate be above 4.75% following the Fed's Dec 9, 2026 meeting?",Above 4.75%,4.75%,active,2025-08-06T14:30:00Z,2026-12-09T18:55:00Z,2026-12-16T19:05:00Z,2026-12-09T19:05:00Z,,,,,,,,,,greater,4.75,
KXFED-26DEC-T5.00,KXFED-26DEC,KXFED,"Will the upper bound of the federal funds rate be above 5.00% following the Fed's Dec 9, 2026 meeting?",Above 5.00%,5.00%,active,2025-08-06T14:30:00Z,2026-12-09T18:55:00Z,2026-12-16T19:05:00Z,2026-12-09T19:05:00Z,,,,,,,,,,greater,5,
KXFED-26DEC-T5.25,KXFED-26DEC,KXFED,"Will the upper bound of the federal funds rate be above 5.25% following the Fed's Dec 9, 2026 meeting?",Above 5.25%,5.25%,active,2025-08-06T14:30:00Z,2026-12-09T18:55:00Z,2026-12-16T19:05:00Z,2026-12-09T19:05:00Z,,,,,,,,,,greater,5.25,
KXFED-26OCT-T2.75,KXFED-26OCT,KXFED,"Will the upper bound of the federal funds rate be above 2.75% following the Fed's Oct 28, 2026 meeting?",Above 2.75%,2.75%,active,2025-08-06T14:30:00Z,2026-10-28T17:55:00Z,2026-11-04T18:05:00Z,2026-10-28T18:05:00Z,,,,,,,,,,greater,2.75,
KXFED-26OCT-T3.00,KXFED-26OCT,KXFED,"Will the upper bound of the federal funds rate be above 3.00% following the Fed's Oct 28, 2026 meeting?",Above 3.00%,3.00%,active,2025-08-06T14:30:00Z,2026-10-28T17:55:00Z,2026-11-04T18:05:00Z,2026-10-28T18:05:00Z,,,,,,,,,,greater,3,
KXFED-26OCT-T3.25,KXFED-26OCT,KXFED,"Will the upper bound of the federal funds rate be above 3.25% following the Fed's Oct 28, 2026 meeting?",Above 3.25%,3.25%,active,2025-08-06T14:30:00Z,2026-10-28T17:55:00Z,2026-11-04T18:05:00Z,2026-10-28T18:05:00Z,,,,,,,,,,greater,3.25,
KXFED-26OCT-T3.50,KXFED-26OCT,KXFED,"Will the upper bound of the federal funds rate be above 3.50% following the Fed's Oct 28, 2026 meeting?",Above 3.50%,3.50%,active,2025-08-06T14:30:00Z,2026-10-28T17:55:00Z,2026-11-04T18:05:00Z,2026-10-28T18:05:00Z,,,,,,,,,,greater,3.5,
KXFED-26OCT-T3.75,KXFED-26OCT,KXFED,"Will the upper bound of the federal funds rate be above 3.75% following the Fed's Oct 28, 2026 meeting?",Above 3.75%,3.75%,active,2025-08-06T14:30:00Z,2026-10-28T17:55:00Z,2026-11-04T18:05:00Z,2026-10-28T18:05:00Z,,,,,,,,,,greater,3.75,
KXFED-26OCT-T4.00,KXFED-26OCT,KXFED,"Will the upper bound of the federal funds rate be above 4.00% following the Fed's Oct 28, 2026 meeting?",Above 4.00%,4.00%,active,2025-08-06T14:30:00Z,2026-10-28T17:55:00Z,2026-11-04T18:05:00Z,2026-10-28T18:05:00Z,,,,,,,,,,greater,4,
KXFED-26OCT-T4.25,KXFED-26OCT,KXFED,"Will the upper bound of the federal funds rate be above 4.25% following the Fed's Oct 28, 2026 meeting?",Above 4.25%,4.25%,active,2025-08-06T14:30:00Z,2026-10-28T17:55:00Z,2026-11-04T18:05:00Z,2026-10-28T18:05:00Z,,,,,,,,,,greater,4.25,
KXFED-26OCT-T4.50,KXFED-26OCT,KXFED,"Will the upper bound of the federal funds rate be above 4.50% following the Fed's Oct 28, 2026 meeting?",Above 4.50%,4.50%,active,2025-08-06T14:30:00Z,2026-10-28T17:55:00Z,2026-11-04T18:05:00Z,2026-10-28T18:05:00Z,,,,,,,,,,greater,4.5,
KXFED-26OCT-T4.75,KXFED-26OCT,KXFED,"Will the upper bound of the federal funds rate be above 4.75% following the Fed's Oct 28, 2026 meeting?",Above 4.75%,4.75%,active,2025-08-06T14:30:00Z,2026-10-28T17:55:00Z,2026-11-04T18:05:00Z,2026-10-28T18:05:00Z,,,,,,,,,,greater,4.75,
KXFED-26OCT-T5.00,KXFED-26OCT,KXFED,"Will the upper bound of the federal funds rate be above 5.00% following the Fed's Oct 28, 2026 meeting?",Above 5.00%,5.00%,active,2025-08-06T14:30:00Z,2026-10-28T17:55:00Z,2026-11-04T18:05:00Z,2026-10-28T18:05:00Z,,,,,,,,,,greater,5,
KXFED-26OCT-T5.25,KXFED-26OCT,KXFED,"Will the upper bound of the federal funds rate be above 5.25% following the Fed's Oct 28, 2026 meeting?",Above 5.25%,5.25%,active,2025-08-06T14:30:00Z,2026-10-28T17:55:00Z,2026-11-04T18:05:00Z,2026-10-28T18:05:00Z,,,,,,,,,,greater,5.25,
KXFED-26SEP-T2.75,KXFED-26SEP,KXFED,"Will the upper bound of the federal funds rate be above 2.75% following the Fed's Sep 16, 2026 meeting?",Above 2.75%,2.75%,active,2025-08-06T14:30:00Z,2026-09-16T17:55:00Z,2026-09-23T18:05:00Z,2026-09-16T18:05:00Z,,,,,,,,,,greater,2.75,
KXFED-26SEP-T3.00,KXFED-26SEP,KXFED,"Will the upper bound of the federal funds rate be above 3.00% following the Fed's Sep 16, 2026 meeting?",Above 3.00%,3.00%,active,2025-08-06T14:30:00Z,2026-09-16T17:55:00Z,2026-09-23T18:05:00Z,2026-09-16T18:05:00Z,,,,,,,,,,greater,3,
KXFED-26SEP-T3.25,KXFED-26SEP,KXFED,"Will the upper bound of the federal funds rate be above 3.25% following the Fed's Sep 16, 2026 meeting?",Above 3.25%,3.25%,active,2025-08-06T14:30:00Z,2026-09-16T17:55:00Z,2026-09-23T18:05:00Z,2026-09-16T18:05:00Z,,,,,,,,,,greater,3.25,
KXFED-26SEP-T3.50,KXFED-26SEP,KXFED,"Will the upper bound of the federal funds rate be above 3.50% following the Fed's Sep 16, 2026 meeting?",Above 3.50%,3.50%,active,2025-08-06T14:30:00Z,2026-09-16T17:55:00Z,2026-09-23T18:05:00Z,2026-09-16T18:05:00Z,,,,,,,,,,greater,3.5,
KXFED-26SEP-T3.75,KXFED-26SEP,KXFED,"Will the upper bound of the federal funds rate be above 3.75% following the Fed's Sep 16, 2026 meeting?",Above 3.75%,3.75%,active,2025-08-06T14:30:00Z,2026-09-16T17:55:00Z,2026-09-23T18:05:00Z,2026-09-16T18:05:00Z,,,,,,,,,,greater,3.75,
KXFED-26SEP-T4.00,KXFED-26SEP,KXFED,"Will the upper bound of the federal funds rate be above 4.00% following the Fed's Sep 16, 2026 meeting?",Above 4.00%,4.00%,active,2025-08-06T14:30:00Z,2026-09-16T17:55:00Z,2026-09-23T18:05:00Z,2026-09-16T18:05:00Z,,,,,,,,,,greater,4,
KXFED-26SEP-T4.25,KXFED-26SEP,KXFED,"Will the upper bound of the federal funds rate be above 4.25% following the Fed's Sep 16, 2026 meeting?",Above 4.25%,4.25%,active,2025-08-06T14:30:00Z,2026-09-16T17:55:00Z,2026-09-23T18:05:00Z,2026-09-16T18:05:00Z,,,,,,,,,,greater,4.25,
KXFED-26SEP-T4.50,KXFED-26SEP,KXFED,"Will the upper bound of the federal funds rate be above 4.50% following the Fed's Sep 16, 2026 meeting?",Above 4.50%,4.50%,active,2025-08-06T14:30:00Z,2026-09-16T17:55:00Z,2026-09-23T18:05:00Z,2026-09-16T18:05:00Z,,,,,,,,,,greater,4.5,
KXFED-26SEP-T4.75,KXFED-26SEP,KXFED,"Will the upper bound of the federal funds rate be above 4.75% following the Fed's Sep 16, 2026 meeting?",Above 4.75%,4.75%,active,2025-08-06T14:30:00Z,2026-09-16T17:55:00Z,2026-09-23T18:05:00Z,2026-09-16T18:05:00Z,,,,,,,,,,greater,4.75,
KXFED-26SEP-T5.00,KXFED-26SEP,KXFED,"Will the upper bound of the federal funds rate be above 5.00% following the Fed's Sep 16, 2026 meeting?",Above 5.00%,5.00%,active,2025-08-06T14:30:00Z,2026-09-16T17:55:00Z,2026-09-23T18:05:00Z,2026-09-16T18:05:00Z,,,,,,,,,,greater,5,
KXFED-26SEP-T5.25,KXFED-26SEP,KXFED,"Will the upper bound of the federal funds rate be above 5.25% following the Fed's Sep 16, 2026 meeting?",Above 5.25%,5.25%,active,2025-08-06T14:30:00Z,2026-09-16T17:55:00Z,2026-09-23T18:05:00Z,2026-09-16T18:05:00Z,,,,,,,,,,greater,5.25,
KXFED-26JUL-T2.75,KXFED-26JUL,KXFED,"Will the upper bound of the federal funds rate be above 2.75% following the Fed's Jul 29, 2026 meeting?",Above 2.75%,2.75%,finalized,2025-08-06T14:30:00Z,2026-07-29T17:55:00Z,2026-08-05T18:05:00Z,2026-07-29T18:05:00Z,yes,,,,,,,,,greater,2.75,
KXFED-26JUL-T3.00,KXFED-26JUL,KXFED,"Will the upper bound of the federal funds rate be above 3.00% following the Fed's Jul 29, 2026 meeting?",Above 3.00%,3.00%,finalized,2025-08-06T14:30:00Z,2026-07-29T17:55:00Z,2026-08-05T18:05:00Z,2026-07-29T18:05:00Z,yes,,,,,,,,,greater,3,
KXFED-26JUL-T3.25,KXFED-26JUL,KXFED,"Will the upper bound of the federal funds rate be above 3.25% following the Fed's Jul 29, 2026 meeting?",Above 3.25%,3.25%,finalized,2025-08-06T14:30:00Z,2026-07-29T17:55:00Z,2026-08-05T18:05:00Z,2026-07-29T18:05:00Z,yes,,,,,,,,,greater,3.25,
KXFED-26JUL-T3.50,KXFED-26JUL,KXFED,"Will the upper bound of the federal funds rate be above 3.50% following the Fed's Jul 29, 2026 meeting?",Above 3.50%,3.50%,finalized,2025-08-06T14:30:00Z,2026-07-29T17:55:00Z,2026-08-05T18:05:00Z,2026-07-29T18:05:00Z,yes,,,,,,,,,greater,3.5,
KXFED-26JUL-T3.75,KXFED-26JUL,KXFED,"Will the upper bound of the federal funds rate be above 3.75% following the Fed's Jul 29, 2026 meeting?",Above 3.75%,3.75%,finalized,2025-08-06T14:30:00Z,2026-07-29T17:55:00Z,2026-08-05T18:05:00Z,2026-07-29T18:05:00Z,no,,,,,,,,,greater,3.75,
KXFED-26JUL-T4.00,KXFED-26JUL,KXFED,"Will the upper bound of the federal funds rate be above 4.00% following the Fed's Jul 29, 2026 meeting?",Above 4.00%,4.00%,finalized,2025-08-06T14:30:00Z,2026-07-29T17:55:00Z,2026-08-05T18:05:00Z,2026-07-29T18:05:00Z,no,,,,,,,,,greater,4,
KXFED-26JUL-T4.25,KXFED-26JUL,KXFED,"Will the upper bound of the federal funds rate be above 4.25% following the Fed's Jul 29, 2026 meeting?",Above 4.25%,4.25%,finalized,2025-08-06T14:30:00Z,2026-07-29T17:55:00Z,2026-08-05T18:05:00Z,2026-07-29T18:05:00Z,no,,,,,,,,,greater,4.25,
KXFED-26JUL-T4.50,KXFED-26JUL,KXFED,"Will the upper bound of the federal funds rate be above 4.50% following the Fed's Jul 29, 2026 meeting?",Above 4.50%,4.50%,finalized,2025-08-06T14:30:00Z,2026-07-29T17:55:00Z,2026-08-05T18:05:00Z,2026-07-29T18:05:00Z,no,,,,,,,,,greater,4.5,
KXFED-26JUL-T4.75,KXFED-26JUL,KXFED,"Will the upper bound of the federal funds rate be above 4.75% following the Fed's Jul 29, 2026 meeting?",Above 4.75%,4.75%,finalized,2025-08-06T14:30:00Z,2026-07-29T17:55:00Z,2026-08-05T18:05:00Z,2026-07-29T18:05:00Z,no,,,,,,,,,greater,4.75,
KXFED-26JUL-T5.00,KXFED-26JUL,KXFED,"Will the upper bound of the federal funds rate be above 5.00% following the Fed's Jul 29, 2026 meeting?",Above 5.00%,5.00%,finalized,2025-08-06T14:30:00Z,2026-07-29T17:55:00Z,2026-08-05T18:05:00Z,2026-07-29T18:05:00Z,no,,,,,,,,,greater,5,
KXFED-26JUL-T5.25,KXFED-26JUL,KXFED,"Will the upper bound of the federal funds rate be above 5.25% following the Fed's Jul 29, 2026 meeting?",Above 5.25%,5.25%,finalized,2025-08-06T14:30:00Z,2026-07-29T17:55:00Z,2026-08-05T18:05:00Z,2026-07-29T18:05:00Z,no,,,,,,,,,greater,5.25,
